image_name,probability
0186,2.0132351892243605e-06
0071,0.00011200209701200947
0180,3.023477620445192e-05
0129,5.17778380526579e-06
0042,1.6471152775920928e-05
0044,0.00039871790795587003
0014,1.0366157709995605e-07
0177,0.0003609470441006124
0049,3.296764043625444e-05
0006,0.00018574713612906635
0130,7.517698395531625e-05
0099,2.4252071852970403e-06
0158,4.067409463459626e-05
0023,0.0005192771786823869
0116,1.29894613110082e-06
0073,0.00017135590314865112
0199,4.190885416477386e-09
0157,0.016465550288558006
0145,5.8791124502022285e-06
0098,6.478693649114575e-06
0161,4.1362331103300676e-05
0017,6.587270036106929e-07
0074,0.0006633713492192328
0055,0.00011776277824537829
0171,4.318332358366206e-08
0065,2.878296800190583e-05
0046,1.815451433628823e-08
0152,2.956791061992092e-11
0187,0.0010687673930078745
0190,0.009393309243023396
0102,0.0004131801542825997
0005,0.0009449130157008767
0139,0.0007955619948916137
0048,3.6747846934304107e-06
0040,5.2703162509715185e-05
0120,3.755699253815692e-06
0109,5.491921797329269e-07
0100,5.0327592759913387e-08
0148,0.0004146719293203205
0141,1.7286721387677062e-08
0095,0.04593716934323311
0179,6.342874712572666e-06
0110,0.08457192778587341
0041,9.88283682090696e-06
0015,6.757221854059026e-06
0090,0.0034040098544210196
0119,1.7109476857513073e-07
0170,1.3835028678244043e-09
0007,0.10816264152526855
0012,7.007869862718508e-05
0156,3.690994843097428e-09
0013,0.0008155074901878834
0075,0.1533629447221756
0064,2.3299062945625337e-07
0084,7.484468156349067e-09
0164,5.7206518249586225e-05
0200,1.8457217976219908e-09
0140,0.8385502696037292
0037,3.4704385143413674e-06
0061,0.0006797428359277546
0121,0.00011169227218488231
0009,0.20883683860301971
0030,0.0008537449757568538
0080,3.1180118753582065e-07
0010,9.428739576833323e-05
0128,0.00011204974725842476
0060,2.4088849386316724e-06
0051,0.006564591079950333
0097,0.0007599381497129798
0192,4.686267485176643e-10
0117,1.3178002689073764e-07
0059,0.0005012870533391833
0163,4.570331668674044e-09
0068,3.846846811939031e-05
0032,9.213711564370897e-06
0054,3.514461752729403e-07
0159,3.3432575037295464e-06
0045,7.669621027162066e-07
0172,1.9604371459536196e-09
0077,0.015729518607258797
0094,2.958805998787284e-05
0195,0.125261589884758
0058,0.13151943683624268
0093,2.793398562062066e-05
0076,0.025632884353399277
0078,0.014398783445358276
0150,0.0002649901725817472
0089,3.633109091349951e-11
0113,0.0006767319282516837
0070,2.267102900077589e-06
0085,0.041900839656591415
0162,2.9332459234865382e-06
0136,0.0006257574423216283
0038,4.169396197539754e-05
0182,2.5897965993948446e-09
0124,1.0063570698548574e-05
0146,0.00016473022697027773
0034,1.7249441270905663e-06
0104,0.0002922174462582916
0181,5.946036708337488e-06
0091,3.198016074179577e-08
0086,6.679613306914689e-06
0155,0.006376255303621292
0184,2.748794031504076e-05
0039,1.238844618001167e-07
0131,0.7702417969703674
0088,4.7868215915514156e-05
0176,1.931991420178747e-07
0101,0.978578507900238
0035,1.1755645346056554e-06
0153,0.00670853815972805
0154,8.028107549762353e-05
0036,0.00028728158213198185
0067,6.6541492742544506e-06
0020,5.610339030681644e-06
0147,0.003593220142647624
0143,1.6582346518134727e-07
0106,2.3940524229715265e-08
0142,0.004544627387076616
0016,0.00022745158639736474
0029,3.163593476074311e-07
0028,1.0489510771094501e-07
0062,0.0011181867448613048
0103,8.557443652534857e-05
0111,1.3122353870187453e-08
0004,3.905621724697994e-06
0053,3.6333128718979424e-06
0169,0.004891160409897566
0092,1.5295166804207838e-06
0198,0.055036380887031555
0123,0.00011683921184157953
0022,0.003664948046207428
0125,0.9776514172554016
0160,7.103582166934075e-09
0002,1.8730319425230846e-05
0175,2.852502518635447e-07
0056,3.201824802090414e-05
0126,3.33573880197946e-05
0003,2.8785397176989136e-08
0189,6.458127088659893e-11
0081,3.4686971162045666e-07
0115,1.23640142568604e-09
0193,0.00010060543718282133
0021,4.6611381776529015e-07
0082,0.0102479737251997
0197,2.4166341972886585e-05
0151,0.3569265604019165
0072,1.9243512724642642e-05
0047,7.032485154923052e-05
0149,7.81040832009694e-09
0133,0.0027838435489684343
0069,8.346614066567781e-09
0137,0.0038957090582698584
0011,2.9116441169207974e-07
0167,1.0241183190373704e-06
0066,2.202516952820588e-06
0132,8.006341886357404e-06
0027,0.07379722595214844
0138,0.2795674800872803
0108,0.0014554087538272142
0196,4.638558266378823e-07
0166,1.7008067516144365e-05
0026,1.1130378840817912e-09
0122,0.0001594651839695871
0185,0.00821151863783598
0025,0.0001767884532455355
0018,5.84144436288625e-06
0134,1.570359620117756e-09
0114,0.0013531786389648914
0144,1.1838195979052557e-09
0057,1.6356523246940924e-06
0178,0.000128344792756252
0105,1.810860794648761e-06
0083,8.145477295329329e-06
0194,0.0011958976974710822
0173,0.0027038275729864836
0165,0.0034815873950719833
0024,1.3950872926216107e-05
0033,0.0011094824876636267
0191,4.283839007257484e-05
0079,2.2894864741829224e-05
0001,0.0004980454687029123
0052,0.0073469774797558784
0183,0.008869506418704987
0168,9.53682501858566e-07
0019,4.1646792681149236e-08
0174,0.012324677780270576
0096,2.5199858200153358e-08
0008,0.1783650666475296
0127,5.196662544726394e-10
0043,2.948972451122245e-06
0188,5.256177271206752e-09
0118,0.021869996562600136
0107,2.004846066938626e-09
0087,0.001875196467153728
0112,0.0005357649642974138
0031,0.1118130162358284
0050,1.5441989020814617e-08
0135,0.03262914717197418
0063,8.919650099414866e-06
